B,Delta,h,tau_sf_inv,tau_so_inv,Sigma_D_D,Sigma_D_h,Sigma_D_tsf,Sigma_D_tso,Sigma_h_h,Sigma_h_tsf,Sigma_h_tso,Sigma_tsf_tsf,Sigma_tsf_tso,Sigma_tso_tso,x_N,G_N,Sigma_GN,Gamma,Sigma_Gamma,T
-200.0,0.0,0.0,0.0,0.0,0.0,0.0,0.0,0.0,0.0,0.0,0.0,0.0,0.0,0.0,1.0,0.03822367505786623,0.00020868848284747989,1e-06,0.0,0.0034468
-198.0,0.0,0.0,0.0,0.0,0.0,0.0,0.0,0.0,0.0,0.0,0.0,0.0,0.0,0.0,0.9966351337554248,0.03822367505786623,0.00020868848284747989,1e-06,0.0,0.0034468
-196.0,0.0,0.0,0.0,0.0,0.0,0.0,0.0,0.0,0.0,0.0,0.0,0.0,0.0,0.0,1.0,0.03822367505786623,0.00020868848284747989,1e-06,0.0,0.0034468
-194.0,0.0,0.0,0.0,0.0,0.0,0.0,0.0,0.0,0.0,0.0,0.0,0.0,0.0,0.0,0.992407696847598,0.03822367505786623,0.00020868848284747989,1e-06,0.0,0.0034468
-192.0,0.0,0.0,0.0,0.0,0.0,0.0,0.0,0.0,0.0,0.0,0.0,0.0,0.0,0.0,1.0,0.03822367505786623,0.00020868848284747989,1e-06,0.0,0.0034468
-190.0,0.0,0.0,0.0,0.0,0.0,0.0,0.0,0.0,0.0,0.0,0.0,0.0,0.0,0.0,1.0,0.03822367505786623,0.00020868848284747989,1e-06,0.0,0.0034468
-188.0,0.0,0.0,0.0,0.0,0.0,0.0,0.0,0.0,0.0,0.0,0.0,0.0,0.0,0.0,1.0,0.03822367505786623,0.00020868848284747989,1e-06,0.0,0.0034468
-186.0,0.0,0.0,0.0,0.0,0.0,0.0,0.0,0.0,0.0,0.0,0.0,0.0,0.0,0.0,1.0,0.03822367505786623,0.00020868848284747989,1e-06,0.0,0.0034468
-184.0,0.0,0.0,0.0,0.0,0.0,0.0,0.0,0.0,0.0,0.0,0.0,0.0,0.0,0.0,1.0,0.03822367505786623,0.00020868848284747989,1e-06,0.0,0.0034468
-182.0,0.0,0.0,0.0,0.0,0.0,0.0,0.0,0.0,0.0,0.0,0.0,0.0,0.0,0.0,1.0,0.03822367505786623,0.00020868848284747989,1e-06,0.0,0.0034468
-180.0,0.0,0.0,0.0,0.0,0.0,0.0,0.0,0.0,0.0,0.0,0.0,0.0,0.0,0.0,1.0,0.03822367505786623,0.00020868848284747989,1e-06,0.0,0.0034468
-178.0,0.0,0.0,0.0,0.0,0.0,0.0,0.0,0.0,0.0,0.0,0.0,0.0,0.0,0.0,1.0,0.03822367505786623,0.00020868848284747989,1e-06,0.0,0.0034468
-176.0,0.0,0.0,0.0,0.0,0.0,0.0,0.0,0.0,0.0,0.0,0.0,0.0,0.0,0.0,1.0,0.03822367505786623,0.00020868848284747989,1e-06,0.0,0.0034468
-174.0,0.0,0.0,0.0,0.0,0.0,0.0,0.0,0.0,0.0,0.0,0.0,0.0,0.0,0.0,1.0,0.03822367505786623,0.00020868848284747989,1e-06,0.0,0.0034468
-172.0,0.0,0.0,0.0,0.0,0.0,0.0,0.0,0.0,0.0,0.0,0.0,0.0,0.0,0.0,1.0,0.03822367505786623,0.00020868848284747989,1e-06,0.0,0.0034468
-170.0,0.0,0.0,0.0,0.0,0.0,0.0,0.0,0.0,0.0,0.0,0.0,0.0,0.0,0.0,1.0,0.03822367505786623,0.00020868848284747989,1e-06,0.0,0.0034468
-168.0,0.0,0.0,0.0,0.0,0.0,0.0,0.0,0.0,0.0,0.0,0.0,0.0,0.0,0.0,1.0,0.03822367505786623,0.00020868848284747989,1e-06,0.0,0.0034468
-166.0,0.0,0.0,0.0,0.0,0.0,0.0,0.0,0.0,0.0,0.0,0.0,0.0,0.0,0.0,1.0,0.03822367505786623,0.00020868848284747989,1e-06,0.0,0.0034468
-164.0,0.0,0.0,0.0,0.0,0.0,0.0,0.0,0.0,0.0,0.0,0.0,0.0,0.0,0.0,1.0,0.03822367505786623,0.00020868848284747989,1e-06,0.0,0.0034468
-162.0,0.0,0.0,0.0,0.0,0.0,0.0,0.0,0.0,0.0,0.0,0.0,0.0,0.0,0.0,1.0,0.03822367505786623,0.00020868848284747989,1e-06,0.0,0.0034468
-160.0,0.0,0.0,0.0,0.0,0.0,0.0,0.0,0.0,0.0,0.0,0.0,0.0,0.0,0.0,1.0,0.03822367505786623,0.00020868848284747989,1e-06,0.0,0.0034468
-158.0,0.0,0.0,0.0,0.0,0.0,0.0,0.0,0.0,0.0,0.0,0.0,0.0,0.0,0.0,1.0,0.03822367505786623,0.00020868848284747989,1e-06,0.0,0.0034468
-156.0,0.0,0.0,0.0,0.0,0.0,0.0,0.0,0.0,0.0,0.0,0.0,0.0,0.0,0.0,1.0,0.03822367505786623,0.00020868848284747989,1e-06,0.0,0.0034468
-154.0,0.0,0.0,0.0,0.0,0.0,0.0,0.0,0.0,0.0,0.0,0.0,0.0,0.0,0.0,1.0,0.03822367505786623,0.00020868848284747989,1e-06,0.0,0.0034468
-152.0,0.0,0.0,0.0,0.0,0.0,0.0,0.0,0.0,0.0,0.0,0.0,0.0,0.0,0.0,1.0,0.03822367505786623,0.00020868848284747989,1e-06,0.0,0.0034468
-150.0,0.0,0.0,0.0,0.0,0.0,0.0,0.0,0.0,0.0,0.0,0.0,0.0,0.0,0.0,1.0,0.03822367505786623,0.00020868848284747989,1e-06,0.0,0.0034468
-148.0,0.0,0.0,0.0,0.0,0.0,0.0,0.0,0.0,0.0,0.0,0.0,0.0,0.0,0.0,1.0,0.03822367505786623,0.00020868848284747989,1e-06,0.0,0.0034468
-146.0,0.0,0.0,0.0,0.0,0.0,0.0,0.0,0.0,0.0,0.0,0.0,0.0,0.0,0.0,1.0,0.03822367505786623,0.00020868848284747989,1e-06,0.0,0.0034468
-144.0,0.0,0.0,0.0,0.0,0.0,0.0,0.0,0.0,0.0,0.0,0.0,0.0,0.0,0.0,1.0,0.03822367505786623,0.00020868848284747989,1e-06,0.0,0.0034468
-142.0,0.0,0.0,0.0,0.0,0.0,0.0,0.0,0.0,0.0,0.0,0.0,0.0,0.0,0.0,1.0,0.03822367505786623,0.00020868848284747989,1e-06,0.0,0.0034468
-140.0,0.0,0.0,0.0,0.0,0.0,0.0,0.0,0.0,0.0,0.0,0.0,0.0,0.0,0.0,1.0,0.03822367505786623,0.00020868848284747989,1e-06,0.0,0.0034468
-138.0,0.0,0.0,0.0,0.0,0.0,0.0,0.0,0.0,0.0,0.0,0.0,0.0,0.0,0.0,1.0,0.03822367505786623,0.00020868848284747989,1e-06,0.0,0.0034468
-136.0,0.0,0.0,0.0,0.0,0.0,0.0,0.0,0.0,0.0,0.0,0.0,0.0,0.0,0.0,1.0,0.03822367505786623,0.00020868848284747989,1e-06,0.0,0.0034468
-134.0,0.0,0.0,0.0,0.0,0.0,0.0,0.0,0.0,0.0,0.0,0.0,0.0,0.0,0.0,1.0,0.03822367505786623,0.00020868848284747989,1e-06,0.0,0.0034468
-132.0,0.0,0.0,0.0,0.0,0.0,0.0,0.0,0.0,0.0,0.0,0.0,0.0,0.0,0.0,1.0,0.03822367505786623,0.00020868848284747989,1e-06,0.0,0.0034468
-130.0,0.0,0.0,0.0,0.0,0.0,0.0,0.0,0.0,0.0,0.0,0.0,0.0,0.0,0.0,1.0,0.03822367505786623,0.00020868848284747989,1e-06,0.0,0.0034468
-128.0,0.0,0.0,0.0,0.0,0.0,0.0,0.0,0.0,0.0,0.0,0.0,0.0,0.0,0.0,1.0,0.03822367505786623,0.00020868848284747989,1e-06,0.0,0.0034468
-126.0,0.0,0.0,0.0,0.0,0.0,0.0,0.0,0.0,0.0,0.0,0.0,0.0,0.0,0.0,1.0,0.03822367505786623,0.00020868848284747989,1e-06,0.0,0.0034468
-124.0,0.0,0.0,0.0,0.0,0.0,0.0,0.0,0.0,0.0,0.0,0.0,0.0,0.0,0.0,1.0,0.03822367505786623,0.00020868848284747989,1e-06,0.0,0.0034468
-122.0,0.0,0.0,0.0,0.0,0.0,0.0,0.0,0.0,0.0,0.0,0.0,0.0,0.0,0.0,1.0,0.03822367505786623,0.00020868848284747989,1e-06,0.0,0.0034468
-120.0,0.0,0.0,0.0,0.0,0.0,0.0,0.0,0.0,0.0,0.0,0.0,0.0,0.0,0.0,1.0,0.03822367505786623,0.00020868848284747989,1e-06,0.0,0.0034468
-118.0,0.0,0.0,0.0,0.0,0.0,0.0,0.0,0.0,0.0,0.0,0.0,0.0,0.0,0.0,1.0,0.03822367505786623,0.00020868848284747989,1e-06,0.0,0.0034468
-116.0,0.0,0.0,0.0,0.0,0.0,0.0,0.0,0.0,0.0,0.0,0.0,0.0,0.0,0.0,1.0,0.03822367505786623,0.00020868848284747989,1e-06,0.0,0.0034468
-114.0,0.0,0.0,0.0,0.0,0.0,0.0,0.0,0.0,0.0,0.0,0.0,0.0,0.0,0.0,1.0,0.03822367505786623,0.00020868848284747989,1e-06,0.0,0.0034468
-112.0,0.0,0.0,0.0,0.0,0.0,0.0,0.0,0.0,0.0,0.0,0.0,0.0,0.0,0.0,1.0,0.03822367505786623,0.00020868848284747989,1e-06,0.0,0.0034468
-110.0,0.0,0.0,0.0,0.0,0.0,0.0,0.0,0.0,0.0,0.0,0.0,0.0,0.0,0.0,1.0,0.03822367505786623,0.00020868848284747989,1e-06,0.0,0.0034468
-108.0,0.0,0.0,0.0,0.0,0.0,0.0,0.0,0.0,0.0,0.0,0.0,0.0,0.0,0.0,1.0,0.03822367505786623,0.00020868848284747989,1e-06,0.0,0.0034468
-106.0,0.0,0.0,0.0,0.0,0.0,0.0,0.0,0.0,0.0,0.0,0.0,0.0,0.0,0.0,1.0,0.03822367505786623,0.00020868848284747989,1e-06,0.0,0.0034468
-104.0,0.0,0.0,0.0,0.0,0.0,0.0,0.0,0.0,0.0,0.0,0.0,0.0,0.0,0.0,1.0,0.03822367505786623,0.00020868848284747989,1e-06,0.0,0.0034468
-102.0,0.0,0.0,0.0,0.0,0.0,0.0,0.0,0.0,0.0,0.0,0.0,0.0,0.0,0.0,1.0,0.03822367505786623,0.00020868848284747989,1e-06,0.0,0.0034468
-100.0,0.0,0.0,0.0,0.0,0.0,0.0,0.0,0.0,0.0,0.0,0.0,0.0,0.0,0.0,1.0,0.03822367505786623,0.00020868848284747989,1e-06,0.0,0.0034468
-98.0,0.0,0.0,0.0,0.0,0.0,0.0,0.0,0.0,0.0,0.0,0.0,0.0,0.0,0.0,1.0,0.03822367505786623,0.00020868848284747989,1e-06,0.0,0.0034468
-96.0,0.0,0.0,0.0,0.0,0.0,0.0,0.0,0.0,0.0,0.0,0.0,0.0,0.0,0.0,1.0,0.03822367505786623,0.00020868848284747989,1e-06,0.0,0.0034468
-94.0,0.0,0.0,0.0,0.0,0.0,0.0,0.0,0.0,0.0,0.0,0.0,0.0,0.0,0.0,1.0,0.03822367505786623,0.00020868848284747989,1e-06,0.0,0.0034468
-92.0,0.0,0.0,0.0,0.0,0.0,0.0,0.0,0.0,0.0,0.0,0.0,0.0,0.0,0.0,1.0,0.03822367505786623,0.00020868848284747989,1e-06,0.0,0.0034468
-90.0,0.0,0.0,0.0,0.0,0.0,0.0,0.0,0.0,0.0,0.0,0.0,0.0,0.0,0.0,1.0,0.03822367505786623,0.00020868848284747989,1e-06,0.0,0.0034468
-88.0,0.0,0.0,0.0,0.0,0.0,0.0,0.0,0.0,0.0,0.0,0.0,0.0,0.0,0.0,1.0,0.03822367505786623,0.00020868848284747989,1e-06,0.0,0.0034468
-86.0,0.0,0.0,0.0,0.0,0.0,0.0,0.0,0.0,0.0,0.0,0.0,0.0,0.0,0.0,1.0,0.03822367505786623,0.00020868848284747989,1e-06,0.0,0.0034468
-84.0,0.0,0.0,0.0,0.0,0.0,0.0,0.0,0.0,0.0,0.0,0.0,0.0,0.0,0.0,1.0,0.03822367505786623,0.00020868848284747989,1e-06,0.0,0.0034468
-82.0,0.0,0.0,0.0,0.0,0.0,0.0,0.0,0.0,0.0,0.0,0.0,0.0,0.0,0.0,1.0,0.03822367505786623,0.00020868848284747989,1e-06,0.0,0.0034468
-80.0,0.0,0.0,0.0,0.0,0.0,0.0,0.0,0.0,0.0,0.0,0.0,0.0,0.0,0.0,1.0,0.03822367505786623,0.00020868848284747989,1e-06,0.0,0.0034468
-78.0,0.0,0.0,0.0,0.0,0.0,0.0,0.0,0.0,0.0,0.0,0.0,0.0,0.0,0.0,1.0,0.03822367505786623,0.00020868848284747989,1e-06,0.0,0.0034468
-76.0,0.0,0.0,0.0,0.0,0.0,0.0,0.0,0.0,0.0,0.0,0.0,0.0,0.0,0.0,1.0,0.03822367505786623,0.00020868848284747989,1e-06,0.0,0.0034468
-74.0,0.0,0.0,0.0,0.0,0.0,0.0,0.0,0.0,0.0,0.0,0.0,0.0,0.0,0.0,1.0,0.03822367505786623,0.00020868848284747989,1e-06,0.0,0.0034468
-72.0,0.0,0.0,0.0,0.0,0.0,0.0,0.0,0.0,0.0,0.0,0.0,0.0,0.0,0.0,1.0,0.03822367505786623,0.00020868848284747989,1e-06,0.0,0.0034468
-70.0,0.0,0.0,0.0,0.0,0.0,0.0,0.0,0.0,0.0,0.0,0.0,0.0,0.0,0.0,1.0,0.03822367505786623,0.00020868848284747989,1e-06,0.0,0.0034468
-68.0,0.0,0.0,0.0,0.0,0.0,0.0,0.0,0.0,0.0,0.0,0.0,0.0,0.0,0.0,1.0,0.03822367505786623,0.00020868848284747989,1e-06,0.0,0.0034468
-66.0,0.0,0.0,0.0,0.0,0.0,0.0,0.0,0.0,0.0,0.0,0.0,0.0,0.0,0.0,1.0,0.03822367505786623,0.00020868848284747989,1e-06,0.0,0.0034468
-64.0,0.0,0.0,0.0,0.0,0.0,0.0,0.0,0.0,0.0,0.0,0.0,0.0,0.0,0.0,1.0,0.03822367505786623,0.00020868848284747989,1e-06,0.0,0.0034468
-62.0,0.0,0.0,0.0,0.0,0.0,0.0,0.0,0.0,0.0,0.0,0.0,0.0,0.0,0.0,1.0,0.03822367505786623,0.00020868848284747989,1e-06,0.0,0.0034468
-60.0,0.0,0.0,0.0,0.0,0.0,0.0,0.0,0.0,0.0,0.0,0.0,0.0,0.0,0.0,1.0,0.03822367505786623,0.00020868848284747989,1e-06,0.0,0.0034468
-58.0,0.0,0.0,0.0,0.0,0.0,0.0,0.0,0.0,0.0,0.0,0.0,0.0,0.0,0.0,1.0,0.03822367505786623,0.00020868848284747989,1e-06,0.0,0.0034468
-56.0,0.0,0.0,0.0,0.0,0.0,0.0,0.0,0.0,0.0,0.0,0.0,0.0,0.0,0.0,1.0,0.03822367505786623,0.00020868848284747989,1e-06,0.0,0.0034468
-54.0,0.0,0.0,0.0,0.0,0.0,0.0,0.0,0.0,0.0,0.0,0.0,0.0,0.0,0.0,1.0,0.03822367505786623,0.00020868848284747989,1e-06,0.0,0.0034468
-52.0,0.0,0.0,0.0,0.0,0.0,0.0,0.0,0.0,0.0,0.0,0.0,0.0,0.0,0.0,1.0,0.03822367505786623,0.00020868848284747989,1e-06,0.0,0.0034468
-50.0,0.0,0.0,0.0,0.0,0.0,0.0,0.0,0.0,0.0,0.0,0.0,0.0,0.0,0.0,1.0,0.03822367505786623,0.00020868848284747989,1e-06,0.0,0.0034468
-48.0,0.0,0.0,0.0,0.0,0.0,0.0,0.0,0.0,0.0,0.0,0.0,0.0,0.0,0.0,1.0,0.03822367505786623,0.00020868848284747989,1e-06,0.0,0.0034468
-46.0,0.0,0.0,0.0,0.0,0.0,0.0,0.0,0.0,0.0,0.0,0.0,0.0,0.0,0.0,1.0,0.03822367505786623,0.00020868848284747989,1e-06,0.0,0.0034468
-44.0,0.0,0.0,0.0,0.0,0.0,0.0,0.0,0.0,0.0,0.0,0.0,0.0,0.0,0.0,1.0,0.03822367505786623,0.00020868848284747989,1e-06,0.0,0.0034468
-42.0,0.0,0.0,0.0,0.0,0.0,0.0,0.0,0.0,0.0,0.0,0.0,0.0,0.0,0.0,1.0,0.03822367505786623,0.00020868848284747989,1e-06,0.0,0.0034468
-40.0,0.2614713557238488,0.1774047880787034,0.0135668576400488,0.0001788452124678,0.0257765158326316,-0.0157660075321541,0.0135597439908521,-0.0849694947472859,0.0160893856759505,-0.0079814414387025,0.0674341038677499,0.0121057589079992,-0.0402254015485509,0.3544144292313915,0.9833517976568694,0.03822367505786623,0.00020868848284747989,1e-06,0.0,0.0034468
-38.0,0.2614713557238488,0.1774047880787034,0.0135668576400488,0.0001788452124678,0.000220128993633,-0.0001370108938415,0.0001143823095968,-0.0007161390315976,0.0001425619970114,-6.752610178003644e-05,0.0005793560958808,0.0001026367883217,-0.0003327739074049,0.0029419778611779,0.7859183384919731,0.03822367505786623,0.00020868848284747989,1e-06,0.0,0.0034468
-36.0,0.2658060807758047,0.1728956308769265,0.0236474458763033,2.826026477449333e-07,6.26572377534772e-05,-3.593363485696983e-05,3.702346201028471e-05,-0.0002054803268672,3.891096138342877e-05,-1.9710189818323494e-05,0.0001611041716224,4.133859862187761e-05,-0.0001103980104585,0.0009113938562184,0.3511966847006487,0.03822367505786623,0.00020868848284747989,1e-06,0.0,0.0034468
-34.0,0.2652296760976531,0.1715684599987039,0.0247150513334595,3.2146028448831693e-06,5.830696185418713e-05,-3.3098626983286606e-05,3.4940497972934814e-05,-0.0001902558812742,3.599413597454461e-05,-1.833357985787413e-05,0.0001483056659152,3.986525996138573e-05,-0.0001041580277772,0.0008458456596305,0.2837751438055028,0.03822367505786623,0.00020868848284747989,1e-06,0.0,0.0034468
-32.0,0.2658900689347054,0.1701736674375569,0.0263904583295629,3.427149607510471e-05,5.6289076560432496e-05,-3.154639399901417e-05,3.461009536609695e-05,-0.0001840098376273,3.4354738898132604e-05,-1.8318480338066217e-05,0.0001433637684504,3.9746716544441175e-05,-0.0001019520218077,0.0008215242494248,0.2409071777556713,0.03822367505786623,0.00020868848284747989,1e-06,0.0,0.0034468
-30.0,0.265913847461931,0.1692879472603059,0.0270528112149643,0.0001189938466828,5.499645974853799e-05,-3.067394079628301e-05,3.4218163734361976e-05,-0.0001800863315847,3.341062791952886e-05,-1.8275092546944125e-05,0.0001404208925992,3.923306609715024e-05,-0.0001002830864252,0.0008054311682308,0.2191716690791024,0.03822367505786623,0.00020868848284747989,1e-06,0.0,0.0034468
-28.0,0.2644580280307503,0.1688780322239669,0.0274375219715094,0.0053835346380833,5.270492634140608e-05,-2.8547892746577933e-05,3.217861355660842e-05,-0.0001701853131575,3.1247240744368946e-05,-1.64734211062747e-05,0.0001307152307608,3.788720987145919e-05,-8.879572360149551e-05,0.0007528437026999,0.1857620866284769,0.03822367505786623,0.00020868848284747989,1e-06,0.0,0.0034468
-26.0,0.2638332703602096,0.1663008396649231,0.0235860849200078,0.0157684397665567,6.0749065082243655e-05,-3.6217718895218605e-05,3.881998659684e-05,-0.0002208549787208,3.863081850906656e-05,-2.2903769547953072e-05,0.0001740220551933,4.231367028364085e-05,-0.0001371773649129,0.0010502608684668,0.1835477470724435,0.03822367505786623,0.00020868848284747989,1e-06,0.0,0.0034468
-24.0,0.2637021040274465,0.1660016533064191,0.0247155993339037,0.0214534865081001,6.553391515034138e-05,-3.925874295673344e-05,4.381382172519378e-05,-0.0002433050248634,4.181117985967034e-05,-2.681477731259598e-05,0.000193232882765,4.7450968271065006e-05,-0.0001576609894449,0.0011703880150815,0.1684539064451549,0.03822367505786623,0.00020868848284747989,1e-06,0.0,0.0034468
-22.0,0.2629724497228836,0.165784958012498,0.025405274290935,0.0274446134273066,6.885298545080003e-05,-4.156145921384728e-05,4.777849844335047e-05,-0.0002605074844624,4.429064876064445e-05,-3.014966786395612e-05,0.0002085151706021,5.162833767744878e-05,-0.0001757150185972,0.001268451056381,0.1402772966141372,0.03822367505786623,0.00020868848284747989,1e-06,0.0,0.0034468
-20.0,0.2621923253926486,0.1642631471433701,0.0264350365939364,0.0297095156790036,6.974004545875286e-05,-4.193240717976348e-05,4.954259080232553e-05,-0.000265610612967,4.497353989088557e-05,-3.154900402162715e-05,0.0002134562323775,5.404696889679209e-05,-0.0001831557746317,0.0013065187894455,0.1280008468461856,0.03822367505786623,0.00020868848284747989,1e-06,0.0,0.0034468
-18.0,0.2601874451489651,0.1625240142025691,0.0210347735970807,0.0483721915197944,6.894220693126084e-05,-4.307224799594059e-05,4.840012936487992e-05,-0.0002841696989467,4.7292959636554974e-05,-3.2030625499323666e-05,0.0002334443750086,5.260390347573352e-05,-0.0002009324242503,0.0015010698895022,0.1155224795645826,0.03822367505786623,0.00020868848284747989,1e-06,0.0,0.0034468
-16.0,0.2607196327274373,0.1597813439266876,0.0229156812746639,0.0443019324524666,7.009537998498364e-05,-4.354611475738603e-05,5.120999511724818e-05,-0.0002897163628862,4.779920985267598e-05,-3.4263718699366215e-05,0.000238418800513,5.630753277762162e-05,-0.0002138325875441,0.0015413442834319,0.1058621784517306,0.03822367505786623,0.00020868848284747989,1e-06,0.0,0.0034468
-14.0,0.2585379241739871,0.1599291758163832,0.0220933187931031,0.0549266357024301,7.006618795981478e-05,-4.418577008911246e-05,5.3650802935176765e-05,-0.0002989552185133,4.89332797534849e-05,-3.746466993018935e-05,0.0002503693204647,5.873652486676314e-05,-0.0002315991976242,0.0016294151770937,0.0923776001489379,0.03822367505786623,0.00020868848284747989,1e-06,0.0,0.0034468
-12.0,0.2579873403641509,0.1595250267276382,0.0230377774213904,0.0621744376633121,7.249469606655814e-05,-4.495411897462648e-05,5.665015713286108e-05,-0.0003122442297902,5.143590457332756e-05,-3.960862803724924e-05,0.0002652918735127,6.378635736339726e-05,-0.0002455311637934,0.0017591955202818,0.0861390918175464,0.03822367505786623,0.00020868848284747989,1e-06,0.0,0.0034468
-10.0,0.2565988972769162,0.1563884152432351,0.0179672855561584,0.0768666570517882,7.031155304638737e-05,-4.588702481297385e-05,5.5386556063811744e-05,-0.0003291943921113,5.432886966936736e-05,-4.127173222887819e-05,0.0002903941521401,6.27834130561047e-05,-0.0002730292610999,0.002000444628819,0.0931825689658902,0.03822367505786623,0.00020868848284747989,1e-06,0.0,0.0034468
-8.0,0.2533991246861596,0.1576727067934674,0.0171609064067805,0.0997422262051726,5.382822711488812e-05,-3.166908095547005e-05,4.097835043198661e-05,-0.0002434639913406,4.549938386255925e-05,-2.906250477451695e-05,0.0002306531142953,5.153226987699874e-05,-0.0001909174245858,0.0016336431181485,0.0803023925852237,0.03822367505786623,0.00020868848284747989,1e-06,0.0,0.0034468
-6.0,0.2520800710750248,0.1554692023648847,0.0176061476344052,0.1040388238461192,6.980364219099025e-05,-4.627855606969812e-05,6.027973876972109e-05,-0.00034473496168,5.958903249569282e-05,-4.8658616614446806e-05,0.0003253162100059,7.174713309038104e-05,-0.0003156815283913,0.0022703294572755,0.0722520291062763,0.03822367505786623,0.00020868848284747989,1e-06,0.0,0.0034468
-4.0,0.2528247078838102,0.1507073361359143,0.0145911559852708,0.1108591936651281,5.9187428005495e-05,-3.857740865742848e-05,4.977171902808981e-05,-0.0003015247708642,5.452156723182005e-05,-4.1235350069389154e-05,0.0002963686470412,6.240330074380705e-05,-0.0002844786935028,0.0021586400682432,0.0654091863837011,0.03822367505786623,0.00020868848284747989,1e-06,0.0,0.0034468
-2.0,0.2530631016697549,0.1473761355876797,0.016929143586814,0.1114740564430865,6.479130702225577e-05,-4.299886224699607e-05,5.544019679434537e-05,-0.0003363411472095,6.128425544574656e-05,-4.66563612606013e-05,0.0003394093564637,6.906781535734144e-05,-0.0003148268039562,0.002459992880916,0.0670192590794906,0.03822367505786623,0.00020868848284747989,1e-06,0.0,0.0034468
0.0,0.2504474248378208,0.1461994212561214,0.0161287523748985,0.1227883902898953,6.40432168108039e-05,-4.302317267076848e-05,5.6562068998748784e-05,-0.0003460292367316,6.295664244281247e-05,-4.95241411948895e-05,0.0003591045395107,7.01312515803685e-05,-0.0003332848589002,0.0026477547798827,0.0674218110189079,0.03822367505786623,0.00020868848284747989,1e-06,0.0,0.0034468
2.0,0.2483477841231652,0.143085906773749,0.0173521238217308,0.1341210646637527,6.859984696896032e-05,-4.533050819992719e-05,6.178636564003262e-05,-0.0003672688677575,7.030423801033163e-05,-5.541731243004434e-05,0.0003941578254284,7.76262748997967e-05,-0.000360267247775,0.0028874748362114,0.0768805998037606,0.03822367505786623,0.00020868848284747989,1e-06,0.0,0.0034468
4.0,0.2469818193759557,0.1371542207769526,0.0199875073544067,0.1338033270276476,7.222096131026634e-05,-4.607879564062928e-05,6.588458012377661e-05,-0.0003764396395499,7.312403257459069e-05,-5.879777417784488e-05,0.0004049636816063,8.267639141550345e-05,-0.000372005568126,0.0029781522558403,0.0662142227315958,0.03822367505786623,0.00020868848284747989,1e-06,0.0,0.0034468
6.0,0.2463242411876362,0.1291495148404348,0.0244181587500854,0.1330252298254879,8.610095120567836e-05,-5.622506942050498e-05,8.058849832362399e-05,-0.0004515729376571,9.327417231880276e-05,-7.517577889028362e-05,0.0005154296311214,0.0001001992265824,-0.0004591747269745,0.0037423842584696,0.0726545135147538,0.03822367505786623,0.00020868848284747989,1e-06,0.0,0.0034468
8.0,0.2489386994941771,0.0388215356680309,0.111128235321619,0.1054062752971729,0.0003162134131817,-0.0002238931578673,0.0005862487297581,8.711745643434853e-05,0.0010974043371849,-0.0012895525759839,-0.0017530187590981,0.0019554456107548,0.0017368073784502,0.00307084680922,0.0611827624399899,0.03822367505786623,0.00020868848284747989,1e-06,0.0,0.0034468
9.9999999999999,0.259486466091399,0.0022137328263845,0.0884136837430816,0.1883213023432509,0.000522836034921,-0.0196816765040023,0.0009742642703345,0.0253363617836392,1.368311684941384,-0.0553310868085706,-1.54390081070328,0.0024546173940914,0.0621897882803173,2.0713636650664013,0.0629941448709593,0.03822367505786623,0.00020868848284747989,1e-06,0.0,0.0034468
12.0,0.2543469455919727,0.0623706766823378,0.0375382876299975,0.0578017558658568,0.0001131568825987,-6.119660215305591e-05,0.0001037425408004,-0.0005785216973949,0.0001381377802718,-9.312597335002502e-05,0.0008616631280078,0.0001421439866506,-0.0005776617019744,0.0078365441638161,0.0728557557189912,0.03822367505786623,0.00020868848284747989,1e-06,0.0,0.0034468
14.0,0.2529821795339885,0.0594832836187231,0.03592899446287,0.0441594709830405,9.770620972480765e-05,-4.643446673023365e-05,8.796312308926213e-05,-0.0004587985298883,0.0001060440268646,-7.344098074386737e-05,0.0006679963634021,0.0001098872165683,-0.0004566738009799,0.0064599585826369,0.0662142227315958,0.03822367505786623,0.00020868848284747989,1e-06,0.0,0.0034468
16.0,0.2548112228323234,0.0629439007680368,0.0344963810478832,0.0339432274582319,9.222286108450012e-05,-4.390025793905807e-05,8.113847618958467e-05,-0.0004395548648126,8.596497327479646e-05,-6.281739821529833e-05,0.0005407834148789,9.892294537019489e-05,-0.0004074317384913,0.005202339748891,0.0549437813920118,0.03822367505786623,0.00020868848284747989,1e-06,0.0,0.0034468
18.0,0.2538616586342079,0.0710629641252929,0.0299908526593181,0.049435188177735,8.057499103426488e-05,-4.030411951952835e-05,6.994385193986962e-05,-0.0004026287028808,7.70277177922934e-05,-5.547211316882113e-05,0.0004810283938851,8.789048846876348e-05,-0.0003745773950389,0.0044598774469332,0.0581639267835908,0.03822367505786623,0.00020868848284747989,1e-06,0.0,0.0034468
20.0,0.2549002384311712,0.0751564625168814,0.0292360393145909,0.0394599977973305,7.579000938947996e-05,-3.82961141692755e-05,6.297541482633784e-05,-0.0003802934183619,6.437132738281096e-05,-4.568263722384409e-05,0.0003999434965225,8.382853973211538e-05,-0.0003347254006284,0.0037244110260393,0.0611827624399899,0.03822367505786623,0.00020868848284747989,1e-06,0.0,0.0034468
22.0,0.2519967861625938,0.0864517117477649,0.0213706589869818,0.0748448297367684,6.657323306884774e-05,-4.111557672855496e-05,4.5995797442712384e-05,-0.0003672417353712,6.882346919162212e-05,-3.52355112616501e-05,0.0004104411340064,5.560558245203123e-05,-0.0002361783618005,0.0033504738730165,0.0561513696793239,0.03822367505786623,0.00020868848284747989,1e-06,0.0,0.0034468
24.0,0.251840241056543,0.0931896863126961,0.0180032482010355,0.0856654427313733,5.56263999900884e-05,-3.2440467365868365e-05,4.317111695677246e-05,-0.0003206052689571,5.636278913260669e-05,-3.597355565305794e-05,0.0003558263803637,5.5123325054086445e-05,-0.0002760010963453,0.0031904491197004,0.0716483024935614,0.03822367505786623,0.00020868848284747989,1e-06,0.0,0.0034468
26.0,0.2486649302301737,0.1019886801232211,0.0187830482064563,0.0979875140046444,6.240362637597575e-05,-3.944157696740116e-05,4.848243829229859e-05,-0.0003551327171846,6.580184752920174e-05,-4.146820953132831e-05,0.0003947860935235,6.073765730083788e-05,-0.000296013614815,0.0032278008686734,0.0654091863837011,0.03822367505786623,0.00020868848284747989,1e-06,0.0,0.0034468
28.0,0.2456002181086558,0.1108965485645039,0.0200413306063913,0.1172859594717644,6.637937421527768e-05,-4.1438651219700776e-05,5.255962251531024e-05,-0.0003640696957567,7.264238423738697e-05,-4.5254064563760334e-05,0.0004157671998824,6.741730553198785e-05,-0.0003026398459825,0.0032572653194097,0.0617865565836473,0.03822367505786623,0.00020868848284747989,1e-06,0.0,0.0034468
30.0,0.2473097017528277,0.1186167207679283,0.0199389655067179,0.1292798771609362,7.244966066923267e-05,-4.893720173171472e-05,5.805968401572769e-05,-0.0004139567916179,8.449580013520759e-05,-5.64313772884555e-05,0.0004981663631811,5.9854123158528657e-05,-0.0003519216568703,0.003841416817301,0.0605790358272751,0.03822367505786623,0.00020868848284747989,1e-06,0.0,0.0034468
32.0,0.2431239376711136,0.1319267963454163,0.0156274834984483,0.1572658737523164,6.275642949084349e-05,-4.069057439425988e-05,5.565506521597261e-05,-0.000360534411427,7.766389543708431e-05,-5.489316347885481e-05,0.0004431266694323,7.72658675423112e-05,-0.0003754045052977,0.0034218830078815,0.0678240253036208,0.03822367505786623,0.00020868848284747989,1e-06,0.0,0.0034468
34.0,0.2454110701173633,0.135936939646582,0.0139955547600538,0.1442124791760503,5.837321599658935e-05,-3.795483867085889e-05,4.993268129419213e-05,-0.0003304222357258,6.630955794393386e-05,-4.685582703464073e-05,0.0003774623828239,6.782990023854681e-05,-0.0003324941660494,0.0029281106053126,0.0744656933528984,0.03822367505786623,0.00020868848284747989,1e-06,0.0,0.0034468
36.0,0.2483118756133785,0.1411195663073263,0.0234286867237185,0.1269152952276511,9.28987348146356e-05,-6.459323600206794e-05,8.457104462100165e-05,-0.0004770077170072,9.27368803050783e-05,-7.717672554196832e-05,0.0005029816261881,9.807997383435256e-05,-0.0004606214516124,0.0034485974014671,0.0633966292794367,0.03822367505786623,0.00020868848284747989,1e-06,0.0,0.0034468
38.0,0.2483118756133785,0.1411195663073263,0.0234286867237185,0.1269152952276511,8.550387688359422e-05,-5.6128224703194855e-05,7.372521982170847e-05,-0.0004206869204635,8.547206636593147e-05,-6.482777466997671e-05,0.0004494705522729,8.488734699668256e-05,-0.0003757672196106,0.0030833725162789,0.0722520291062763,0.03822367505786623,0.00020868848284747989,1e-06,0.0,0.0034468
40.0,0.2483065042431959,0.152330373054141,0.0187449062440376,0.116779476303705,7.499550761019315e-05,-4.9645025046466064e-05,6.710904050448827e-05,-0.0003757348360974,6.824020528921631e-05,-5.594233878586637e-05,0.0003701680543891,8.426851828674229e-05,-0.0003620762633135,0.0026013697709653,0.0809061191979386,0.03822367505786623,0.00020868848284747989,1e-06,0.0,0.0034468
42.0,0.2496334679426084,0.1569147109500932,0.0163981575535521,0.1134373263192568,7.229857071575371e-05,-5.044772682868695e-05,5.874812117595305e-05,-0.0003531410548809,6.844425651059858e-05,-4.858658868216967e-05,0.0003510527536158,7.018934433605003e-05,-0.0003031761581237,0.0023002819225085,0.0790949393597914,0.03822367505786623,0.00020868848284747989,1e-06,0.0,0.0034468
44.0,0.2529295203164688,0.1568122496129768,0.0171828101726635,0.0926664462021168,7.319062367775127e-05,-4.8603797473064346e-05,5.9816664421227744e-05,-0.0003527215967154,6.033682041921803e-05,-4.645111959170958e-05,0.000322783858855,7.089434289391845e-05,-0.0003103883623604,0.0022432936194073,0.0883527560641685,0.03822367505786623,0.00020868848284747989,1e-06,0.0,0.0034468
46.0,0.254066667267631,0.1615244222712683,0.0208027418143063,0.0770795969683867,7.765204593947992e-05,-5.039649340004743e-05,6.395698599562236e-05,-0.000346372881696,5.871619104358015e-05,-4.749077450143826e-05,0.0003033933140833,7.358882930496205e-05,-0.0002960788492776,0.00199317690972,0.088755240472646,0.03822367505786623,0.00020868848284747989,1e-06,0.0,0.0034468
48.0,0.2588260115438294,0.16065726517337,0.0222523963957968,0.0545352554566675,7.09090686987431e-05,-4.410786832672631e-05,5.241972058864713e-05,-0.0002970564844328,4.995518582596523e-05,-3.5515743325104825e-05,0.0002494904847072,5.866178508569061e-05,-0.0002212389862626,0.0016202800870346,0.1199504833672381,0.03822367505786623,0.00020868848284747989,1e-06,0.0,0.0034468
50.0,0.2601732209477051,0.1634371973532114,0.02648494501162,0.0362847610203871,7.409812756215205e-05,-4.499118189782866e-05,5.4448714732892944e-05,-0.0002879597421047,4.8406393826139584e-05,-3.570530857511379e-05,0.0002335788573205,5.929871740939931e-05,-0.000206492959868,0.0014379291790744,0.1223653898181003,0.03822367505786623,0.00020868848284747989,1e-06,0.0,0.0034468
52.0,0.2613825644993811,0.1645060966691715,0.0256591888101404,0.0285354968382868,7.0328723048102e-05,-4.24731810562853e-05,4.911629846333626e-05,-0.0002668838728679,4.548679620627371e-05,-3.099648155377429e-05,0.0002139823657537,5.372495373112422e-05,-0.0001821370959026,0.0013070046505361,0.1447053004167927,0.03822367505786623,0.00020868848284747989,1e-06,0.0,0.0034468
54.0,0.2640885818379307,0.1638796917504486,0.0251935684217582,0.0132518807726684,6.196928322964688e-05,-3.61880206317451e-05,4.027513567563851e-05,-0.0002236530451746,3.89775995998254e-05,-2.338581503745033e-05,0.0001758881543409,4.4824581674947287e-05,-0.0001394888911069,0.0010700485023424,0.1807303562131065,0.03822367505786623,0.00020868848284747989,1e-06,0.0,0.0034468
56.0,0.2651548954392222,0.1673979774348782,0.028652667624533,0.0012787518213279,5.632630035612991e-05,-3.124115318593877e-05,3.591944720108465e-05,-0.0001854855969175,3.4285069118711854e-05,-1.936344387790121e-05,0.0001450927083084,4.174664786422826e-05,-0.000106042258595,0.0008377561026547,0.1998497162345758,0.03822367505786623,0.00020868848284747989,1e-06,0.0,0.0034468
58.0,0.2651342787721047,0.1690359416737392,0.0267456977873894,7.21425119585885e-07,5.677718648016133e-05,-3.127790046645881e-05,3.552819364544907e-05,-0.0001868215123078,3.4405405844775165e-05,-1.870559868736272e-05,0.0001457617664305,4.134352103715648e-05,-0.0001050591409659,0.0008550824795137,0.2425171153895785,0.03822367505786623,0.00020868848284747989,1e-06,0.0,0.0034468
60.0,0.2641854803788225,0.169693682353166,0.0251298323288288,2.1149159406425373e-07,6.031737563361492e-05,-3.3999915563654416e-05,3.664737539381662e-05,-0.0001975938736089,3.6816505210987765e-05,-1.944696693968256e-05,0.0001537157806976,4.156906306181846e-05,-0.0001085060569638,0.0008795359361078,0.2839763860097402,0.03822367505786623,0.00020868848284747989,1e-06,0.0,0.0034468
62.0,0.2638667973594742,0.173120707359324,0.0220959549808543,3.304348238835662e-09,6.227990238251382e-05,-3.645474131604053e-05,3.589371987785274e-05,-0.0002072577422603,3.91845452110938e-05,-1.9199442454768265e-05,0.0001627697352758,3.9594224803042406e-05,-0.0001111436613555,0.0009293243573406,0.3393220440317607,0.03822367505786623,0.00020868848284747989,1e-06,0.0,0.0034468
64.0,0.2637979864208521,0.1752924740733617,0.0197828336427685,1.00299224173013e-11,7.212559271246309e-05,-4.309717410291819e-05,4.0639037889330936e-05,-0.0002404845339816,4.498517041473436e-05,-2.229984837234173e-05,0.0001869921016332,4.2556590355401605e-05,-0.0001282584891813,0.0010539410775673,0.4043286784760472,0.03822367505786623,0.00020868848284747989,1e-06,0.0,0.0034468
66.0,0.2607299419886456,0.1756026072781914,0.0162306017882801,2.481157834110631e-11,8.292006842596947e-05,-4.92417323749283e-05,4.3890212335620856e-05,-0.0002709381627445,5.096878087287977e-05,-2.306273808334533e-05,0.0002081709543129,4.470192991815874e-05,-0.0001333357691386,0.0011600274966653,0.5107959341593126,0.03822367505786623,0.00020868848284747989,1e-06,0.0,0.0034468
68.0,0.2619797239365779,0.1780490480212199,0.0146237261062369,2.144826708515725e-17,0.0001180150870948,-7.203957409046613e-05,6.167169105190854e-05,-0.0003898832097676,7.562002968506028e-05,-3.453100903380613e-05,0.0003088706154738,5.965416234638579e-05,-0.000190109751979,0.0016668748951836,0.6202797969779266,0.03822367505786623,0.00020868848284747989,1e-06,0.0,0.0034468
70.0,0.2573489591236477,0.1799280586538907,0.0085576721518397,1.6584617324353334e-11,0.0002079777621028,-0.0001244347802082,9.389232399396617e-05,-0.0006822835517968,0.0001158126282736,-5.07793564360607e-05,0.0004950086964249,7.943117793435863e-05,-0.0002823814198492,0.0027329124717797,0.7790707010725869,0.03822367505786623,0.00020868848284747989,1e-06,0.0,0.0034468
72.0,0.2573489591236477,0.1799280586538907,0.0085576721518397,1e-10,0.0,0.0,0.0,0.0,0.0,0.0,0.0,0.0,0.0,0.0,1.0,0.03822367505786623,0.00020868848284747989,1e-06,0.0,0.0034468
74.0,0.2573489591236477,0.1799280586538907,0.0085576721518397,1e-10,0.0,0.0,0.0,0.0,0.0,0.0,0.0,0.0,0.0,0.0,1.0,0.03822367505786623,0.00020868848284747989,1e-06,0.0,0.0034468
76.0,0.2573489591236477,0.1799280586538907,0.0085576721518397,1e-10,0.0,0.0,0.0,0.0,0.0,0.0,0.0,0.0,0.0,0.0,1.0,0.03822367505786623,0.00020868848284747989,1e-06,0.0,0.0034468
78.0,0.2573489591236477,0.1799280586538907,0.0085576721518397,1e-10,0.0,0.0,0.0,0.0,0.0,0.0,0.0,0.0,0.0,0.0,1.0,0.03822367505786623,0.00020868848284747989,1e-06,0.0,0.0034468
80.0,0.0,0.0,0.0,0.0,0.0,0.0,0.0,0.0,0.0,0.0,0.0,0.0,0.0,0.0,1.0,0.03822367505786623,0.00020868848284747989,1e-06,0.0,0.0034468
82.0,0.0,0.0,0.0,0.0,0.0,0.0,0.0,0.0,0.0,0.0,0.0,0.0,0.0,0.0,1.0,0.03822367505786623,0.00020868848284747989,1e-06,0.0,0.0034468
84.0,0.0,0.0,0.0,0.0,0.0,0.0,0.0,0.0,0.0,0.0,0.0,0.0,0.0,0.0,1.0,0.03822367505786623,0.00020868848284747989,1e-06,0.0,0.0034468
86.0,0.0,0.0,0.0,0.0,0.0,0.0,0.0,0.0,0.0,0.0,0.0,0.0,0.0,0.0,1.0,0.03822367505786623,0.00020868848284747989,1e-06,0.0,0.0034468
88.0,0.0,0.0,0.0,0.0,0.0,0.0,0.0,0.0,0.0,0.0,0.0,0.0,0.0,0.0,1.0,0.03822367505786623,0.00020868848284747989,1e-06,0.0,0.0034468
90.0,0.0,0.0,0.0,0.0,0.0,0.0,0.0,0.0,0.0,0.0,0.0,0.0,0.0,0.0,1.0,0.03822367505786623,0.00020868848284747989,1e-06,0.0,0.0034468
92.0,0.0,0.0,0.0,0.0,0.0,0.0,0.0,0.0,0.0,0.0,0.0,0.0,0.0,0.0,1.0,0.03822367505786623,0.00020868848284747989,1e-06,0.0,0.0034468
94.0,0.0,0.0,0.0,0.0,0.0,0.0,0.0,0.0,0.0,0.0,0.0,0.0,0.0,0.0,1.0,0.03822367505786623,0.00020868848284747989,1e-06,0.0,0.0034468
96.0,0.0,0.0,0.0,0.0,0.0,0.0,0.0,0.0,0.0,0.0,0.0,0.0,0.0,0.0,1.0,0.03822367505786623,0.00020868848284747989,1e-06,0.0,0.0034468
98.0,0.0,0.0,0.0,0.0,0.0,0.0,0.0,0.0,0.0,0.0,0.0,0.0,0.0,0.0,1.0,0.03822367505786623,0.00020868848284747989,1e-06,0.0,0.0034468
100.0,0.0,0.0,0.0,0.0,0.0,0.0,0.0,0.0,0.0,0.0,0.0,0.0,0.0,0.0,1.0,0.03822367505786623,0.00020868848284747989,1e-06,0.0,0.0034468
102.0,0.0,0.0,0.0,0.0,0.0,0.0,0.0,0.0,0.0,0.0,0.0,0.0,0.0,0.0,1.0,0.03822367505786623,0.00020868848284747989,1e-06,0.0,0.0034468
104.0,0.0,0.0,0.0,0.0,0.0,0.0,0.0,0.0,0.0,0.0,0.0,0.0,0.0,0.0,1.0,0.03822367505786623,0.00020868848284747989,1e-06,0.0,0.0034468
106.0,0.0,0.0,0.0,0.0,0.0,0.0,0.0,0.0,0.0,0.0,0.0,0.0,0.0,0.0,1.0,0.03822367505786623,0.00020868848284747989,1e-06,0.0,0.0034468
108.0,0.0,0.0,0.0,0.0,0.0,0.0,0.0,0.0,0.0,0.0,0.0,0.0,0.0,0.0,1.0,0.03822367505786623,0.00020868848284747989,1e-06,0.0,0.0034468
110.0,0.0,0.0,0.0,0.0,0.0,0.0,0.0,0.0,0.0,0.0,0.0,0.0,0.0,0.0,1.0,0.03822367505786623,0.00020868848284747989,1e-06,0.0,0.0034468
112.0,0.0,0.0,0.0,0.0,0.0,0.0,0.0,0.0,0.0,0.0,0.0,0.0,0.0,0.0,1.0,0.03822367505786623,0.00020868848284747989,1e-06,0.0,0.0034468
114.0,0.0,0.0,0.0,0.0,0.0,0.0,0.0,0.0,0.0,0.0,0.0,0.0,0.0,0.0,1.0,0.03822367505786623,0.00020868848284747989,1e-06,0.0,0.0034468
116.0,0.0,0.0,0.0,0.0,0.0,0.0,0.0,0.0,0.0,0.0,0.0,0.0,0.0,0.0,1.0,0.03822367505786623,0.00020868848284747989,1e-06,0.0,0.0034468
118.0,0.0,0.0,0.0,0.0,0.0,0.0,0.0,0.0,0.0,0.0,0.0,0.0,0.0,0.0,1.0,0.03822367505786623,0.00020868848284747989,1e-06,0.0,0.0034468
120.0,0.0,0.0,0.0,0.0,0.0,0.0,0.0,0.0,0.0,0.0,0.0,0.0,0.0,0.0,1.0,0.03822367505786623,0.00020868848284747989,1e-06,0.0,0.0034468
122.0,0.0,0.0,0.0,0.0,0.0,0.0,0.0,0.0,0.0,0.0,0.0,0.0,0.0,0.0,1.0,0.03822367505786623,0.00020868848284747989,1e-06,0.0,0.0034468
124.0,0.0,0.0,0.0,0.0,0.0,0.0,0.0,0.0,0.0,0.0,0.0,0.0,0.0,0.0,1.0,0.03822367505786623,0.00020868848284747989,1e-06,0.0,0.0034468
126.0,0.0,0.0,0.0,0.0,0.0,0.0,0.0,0.0,0.0,0.0,0.0,0.0,0.0,0.0,1.0,0.03822367505786623,0.00020868848284747989,1e-06,0.0,0.0034468
128.0,0.0,0.0,0.0,0.0,0.0,0.0,0.0,0.0,0.0,0.0,0.0,0.0,0.0,0.0,1.0,0.03822367505786623,0.00020868848284747989,1e-06,0.0,0.0034468
130.0,0.0,0.0,0.0,0.0,0.0,0.0,0.0,0.0,0.0,0.0,0.0,0.0,0.0,0.0,1.0,0.03822367505786623,0.00020868848284747989,1e-06,0.0,0.0034468
132.0,0.0,0.0,0.0,0.0,0.0,0.0,0.0,0.0,0.0,0.0,0.0,0.0,0.0,0.0,1.0,0.03822367505786623,0.00020868848284747989,1e-06,0.0,0.0034468
134.0,0.0,0.0,0.0,0.0,0.0,0.0,0.0,0.0,0.0,0.0,0.0,0.0,0.0,0.0,1.0,0.03822367505786623,0.00020868848284747989,1e-06,0.0,0.0034468
136.0,0.0,0.0,0.0,0.0,0.0,0.0,0.0,0.0,0.0,0.0,0.0,0.0,0.0,0.0,1.0,0.03822367505786623,0.00020868848284747989,1e-06,0.0,0.0034468
138.0,0.0,0.0,0.0,0.0,0.0,0.0,0.0,0.0,0.0,0.0,0.0,0.0,0.0,0.0,1.0,0.03822367505786623,0.00020868848284747989,1e-06,0.0,0.0034468
140.0,0.0,0.0,0.0,0.0,0.0,0.0,0.0,0.0,0.0,0.0,0.0,0.0,0.0,0.0,1.0,0.03822367505786623,0.00020868848284747989,1e-06,0.0,0.0034468
142.0,0.0,0.0,0.0,0.0,0.0,0.0,0.0,0.0,0.0,0.0,0.0,0.0,0.0,0.0,1.0,0.03822367505786623,0.00020868848284747989,1e-06,0.0,0.0034468
144.0,0.0,0.0,0.0,0.0,0.0,0.0,0.0,0.0,0.0,0.0,0.0,0.0,0.0,0.0,1.0,0.03822367505786623,0.00020868848284747989,1e-06,0.0,0.0034468
146.0,0.0,0.0,0.0,0.0,0.0,0.0,0.0,0.0,0.0,0.0,0.0,0.0,0.0,0.0,1.0,0.03822367505786623,0.00020868848284747989,1e-06,0.0,0.0034468
148.0,0.0,0.0,0.0,0.0,0.0,0.0,0.0,0.0,0.0,0.0,0.0,0.0,0.0,0.0,1.0,0.03822367505786623,0.00020868848284747989,1e-06,0.0,0.0034468
150.0,0.0,0.0,0.0,0.0,0.0,0.0,0.0,0.0,0.0,0.0,0.0,0.0,0.0,0.0,1.0,0.03822367505786623,0.00020868848284747989,1e-06,0.0,0.0034468
152.0,0.0,0.0,0.0,0.0,0.0,0.0,0.0,0.0,0.0,0.0,0.0,0.0,0.0,0.0,1.0,0.03822367505786623,0.00020868848284747989,1e-06,0.0,0.0034468
154.0,0.0,0.0,0.0,0.0,0.0,0.0,0.0,0.0,0.0,0.0,0.0,0.0,0.0,0.0,1.0,0.03822367505786623,0.00020868848284747989,1e-06,0.0,0.0034468
156.0,0.0,0.0,0.0,0.0,0.0,0.0,0.0,0.0,0.0,0.0,0.0,0.0,0.0,0.0,1.0,0.03822367505786623,0.00020868848284747989,1e-06,0.0,0.0034468
158.0,0.0,0.0,0.0,0.0,0.0,0.0,0.0,0.0,0.0,0.0,0.0,0.0,0.0,0.0,1.0,0.03822367505786623,0.00020868848284747989,1e-06,0.0,0.0034468
160.0,0.0,0.0,0.0,0.0,0.0,0.0,0.0,0.0,0.0,0.0,0.0,0.0,0.0,0.0,1.0,0.03822367505786623,0.00020868848284747989,1e-06,0.0,0.0034468
162.0,0.0,0.0,0.0,0.0,0.0,0.0,0.0,0.0,0.0,0.0,0.0,0.0,0.0,0.0,1.0,0.03822367505786623,0.00020868848284747989,1e-06,0.0,0.0034468
164.0,0.0,0.0,0.0,0.0,0.0,0.0,0.0,0.0,0.0,0.0,0.0,0.0,0.0,0.0,1.0,0.03822367505786623,0.00020868848284747989,1e-06,0.0,0.0034468
166.0,0.0,0.0,0.0,0.0,0.0,0.0,0.0,0.0,0.0,0.0,0.0,0.0,0.0,0.0,1.0,0.03822367505786623,0.00020868848284747989,1e-06,0.0,0.0034468
168.0,0.0,0.0,0.0,0.0,0.0,0.0,0.0,0.0,0.0,0.0,0.0,0.0,0.0,0.0,1.0,0.03822367505786623,0.00020868848284747989,1e-06,0.0,0.0034468
170.0,0.0,0.0,0.0,0.0,0.0,0.0,0.0,0.0,0.0,0.0,0.0,0.0,0.0,0.0,1.0,0.03822367505786623,0.00020868848284747989,1e-06,0.0,0.0034468
172.0,0.0,0.0,0.0,0.0,0.0,0.0,0.0,0.0,0.0,0.0,0.0,0.0,0.0,0.0,1.0,0.03822367505786623,0.00020868848284747989,1e-06,0.0,0.0034468
174.0,0.0,0.0,0.0,0.0,0.0,0.0,0.0,0.0,0.0,0.0,0.0,0.0,0.0,0.0,1.0,0.03822367505786623,0.00020868848284747989,1e-06,0.0,0.0034468
176.0,0.0,0.0,0.0,0.0,0.0,0.0,0.0,0.0,0.0,0.0,0.0,0.0,0.0,0.0,1.0,0.03822367505786623,0.00020868848284747989,1e-06,0.0,0.0034468
178.0,0.0,0.0,0.0,0.0,0.0,0.0,0.0,0.0,0.0,0.0,0.0,0.0,0.0,0.0,1.0,0.03822367505786623,0.00020868848284747989,1e-06,0.0,0.0034468
180.0,0.0,0.0,0.0,0.0,0.0,0.0,0.0,0.0,0.0,0.0,0.0,0.0,0.0,0.0,1.0,0.03822367505786623,0.00020868848284747989,1e-06,0.0,0.0034468
182.0,0.0,0.0,0.0,0.0,0.0,0.0,0.0,0.0,0.0,0.0,0.0,0.0,0.0,0.0,1.0,0.03822367505786623,0.00020868848284747989,1e-06,0.0,0.0034468
184.0,0.0,0.0,0.0,0.0,0.0,0.0,0.0,0.0,0.0,0.0,0.0,0.0,0.0,0.0,1.0,0.03822367505786623,0.00020868848284747989,1e-06,0.0,0.0034468
186.0,0.0,0.0,0.0,0.0,0.0,0.0,0.0,0.0,0.0,0.0,0.0,0.0,0.0,0.0,1.0,0.03822367505786623,0.00020868848284747989,1e-06,0.0,0.0034468
188.0,0.0,0.0,0.0,0.0,0.0,0.0,0.0,0.0,0.0,0.0,0.0,0.0,0.0,0.0,1.0,0.03822367505786623,0.00020868848284747989,1e-06,0.0,0.0034468
190.0,0.0,0.0,0.0,0.0,0.0,0.0,0.0,0.0,0.0,0.0,0.0,0.0,0.0,0.0,1.0,0.03822367505786623,0.00020868848284747989,1e-06,0.0,0.0034468
192.0,0.0,0.0,0.0,0.0,0.0,0.0,0.0,0.0,0.0,0.0,0.0,0.0,0.0,0.0,1.0,0.03822367505786623,0.00020868848284747989,1e-06,0.0,0.0034468
194.0,0.0,0.0,0.0,0.0,0.0,0.0,0.0,0.0,0.0,0.0,0.0,0.0,0.0,0.0,1.0,0.03822367505786623,0.00020868848284747989,1e-06,0.0,0.0034468
196.0,0.0,0.0,0.0,0.0,0.0,0.0,0.0,0.0,0.0,0.0,0.0,0.0,0.0,0.0,1.0,0.03822367505786623,0.00020868848284747989,1e-06,0.0,0.0034468
198.0,0.0,0.0,0.0,0.0,0.0,0.0,0.0,0.0,0.0,0.0,0.0,0.0,0.0,0.0,1.0,0.03822367505786623,0.00020868848284747989,1e-06,0.0,0.0034468
200.0,0.0,0.0,0.0,0.0,0.0,0.0,0.0,0.0,0.0,0.0,0.0,0.0,0.0,0.0,1.0,0.03822367505786623,0.00020868848284747989,1e-06,0.0,0.0034468
